feature_1,feature_2,feature_3
48.559096704220714,47.40644599502721,47.77368276864675
57.01983725098863,48.086175743256696,20.05293171318085
53.323183440677155,45.98993782254248,45.6608263170961
51.158847867008554,53.48446605360081,73.27117373198286
56.56636506798669,51.65760766165748,35.23356795310359
39.85337632512283,53.69513292816803,76.22161654408096
50.41656863903384,48.405150593438236,60.63552440801739
35.46454701991322,45.315840242831605,59.8072506518705
58.73404385379447,46.390554910172966,57.53199717375821
52.48213449328414,61.73490213055463,27.735555715036547
55.68250687585386,27.282194124122903,-2.398908444377035
43.931092718004976,36.262849304810075,67.52024486112813
56.64265899612895,31.71387888056457,66.94722846696001
39.977971757576505,48.70634230495574,44.122004440869354
51.14419857460921,62.27954467315651,62.76827581584887
53.498851018692086,59.74922146709448,59.56984075300237
43.730145347804,39.23943359275134,40.60063451727972
54.993264004767816,46.248266435039234,96.71508444961096
41.807074578135065,33.516881001467624,65.36947030939393
64.21849981343465,57.585390362588896,66.71634691935347
64.26344977442162,48.58958785975544,21.540821337220457
44.679234516812876,64.29343635974865,21.126431878434232
50.335313207872616,53.79856039013093,43.68815670372659
57.23631986368097,58.711696122898495,96.42817033801462
56.19967767773136,40.85894812035407,38.764048153319386
41.68418898757994,64.28410339723732,38.66334330372598
134.82501862597684,61.239539289345124,35.53074018697187
47.063420363822814,22.38070601594126,28.350427619225734
44.3226358780815,56.236414827750075,73.86986544886594
49.81533186836288,53.92046418799704,53.359387370944646
60.84741113453604,63.4003279810731,55.473866308150846
39.89055696554688,63.55077971516892,57.62094255911504
62.269415497142205,49.5514011097818,89.06201848967692
46.41123659678178,73.89590621394565,52.302379452144656
44.83730990754498,33.07328190811407,46.979388969223265
64.23321026167184,62.24561744922092,63.77767728532006
26.241274269088024,60.66446306855058,61.11704821839683
44.50073715594673,40.58923450729406,49.95379096372838
67.24876263148732,34.173489508665135,41.4438993052743
63.61784750350584,43.30773800858374,42.7149704827812
50.977763472886764,31.380659350464565,54.39890860300026
37.90382403026365,63.27797465537217,50.06361645515979
72.8343146684775,54.21260770296552,77.31378980865497
36.96736028282636,48.16790984717202,56.462913080282064
67.45720918371049,24.786260929685543,69.81239359617645
55.91354013815916,-5.5991253101140614,64.2477103615744
50.520711851039486,42.17525524372761,25.0364056431456
51.954227649029704,47.12454846507033,90.40534676159282
43.88975172015152,54.80587767807669,18.619971606485407
46.04537421673822,53.91721820136649,66.47920025039011
64.481016868281,49.33777735506096,27.655102418782278
54.5785039949154,57.7548064762069,59.833166856765395
42.99712300825267,67.00076596380332,51.757918218090296
56.99824621715986,69.11109860141671,62.185446411317024
52.86516027981771,82.29192852650786,54.874060819443
47.040357672279185,51.67950556374545,79.6553733687427
51.187124868868004,57.79066482708818,73.91462880664326
44.871413897731706,24.10145346119532,55.98846304432882
52.29734794523969,40.87984732158778,67.42172762084834
56.0756737698457,35.075113676008755,60.36436888042405
48.038950410974245,27.754620946890785,59.05900466131937
49.54785373320609,38.82075651215199,60.45891173793496
54.88093272192379,41.336942240835526,58.007043810693546
60.15064936192444,39.31000046471447,57.61780054803185
50.02755750481307,83.99015465976326,12.753940584436258
56.952839314064626,45.40632470328177,47.996049023403344
69.01588976383269,49.87140273108809,94.81887407551136
45.57852034586453,55.25768062022164,40.18304996650217
43.09311987382116,50.937246896772976,44.348569493017955
52.02491583986428,18.424581984137543,90.04935377219198
48.33003091218721,76.14358259350989,29.857757477870432
52.925357047242684,97.47413152215329,32.60541633787422
35.047002268917346,41.802356969950395,59.44976854645211
56.93340040061296,69.3555003203214,44.8597520321337
33.97749240499698,43.47455293287371,74.80445389603514
-6.146493401509886,20.64591821937495,49.29896976623687
63.9816809132213,81.89822205425652,61.23373277569555
53.09302312799502,31.396914980214067,33.13514252064989
50.469158575061655,57.547966112202936,61.6036838223953
45.21791444865864,32.72086657364727,34.44436317800174
38.43025605740239,59.6511377414599,3.754377879086796
46.667219743905065,56.74817498151817,80.4402544932988
50.71299675050972,65.01925909271165,42.01991856437816
42.55596013467909,112.2182404281472,80.54671563803664
59.94221143897746,57.31096889693923,116.60537727123543
49.676586274738504,59.30524476543202,56.15183105117023
47.7811430987584,84.74257021657276,80.13209606074227
36.00520365379445,44.00230516572177,58.56673076736575
57.831832150420475,29.773293952799303,4.888768259563946
30.93633031238218,48.933328049881716,47.93593641920645
53.452193761145146,38.45487833181413,25.51524648187875
29.769549424206506,54.93781038121155,57.40107916975553
59.92993670355711,61.86193531968849,46.18568838126115
63.492609627534854,47.95449632710176,36.78327227363855
44.79421556696432,41.2278253294191,6.6852656099931735
51.563260529857665,53.74828387643249,42.754683782358036
42.861585299135854,55.577057365329146,84.33741175095382
50.38255152504981,42.385495891854404,38.17105595154139
49.30243561854838,31.028516434378368,47.49478623603841
50.61182264336781,77.67018031649285,68.8694752822675
60.34029235649879,39.3057718835114,63.39843086472486
38.60617525450083,54.67941045036305,58.37474520837718
42.33590583937764,79.99069707742234,61.34747325501326
30.97271697105491,157.268835125996,41.85176362219984
50.01376215816302,56.986471863712744,57.81065334623084
29.60848656965385,32.625203845796236,65.45248317149183
63.012042492292906,78.54729329993751,86.0633647730621
29.444633953695206,61.54223181404676,11.674195977697927
66.13600728541995,53.800241042330725,27.17662424045922
70.0990094709114,59.659563054363076,12.17702222097055
52.934681174606204,39.032901385019294,52.225909599404794
45.34805385444636,70.60240829402981,21.534272236328512
53.17405168261416,77.21282510899965,33.46079402059458
52.106486760582186,53.030024614251154,36.20595622242824
56.478936227652525,51.45575422714845,31.12464990433753
67.6201610489885,61.874224948847036,46.657861099549365
43.633252325565365,38.23456066684211,74.61881945121105
48.53521765459451,56.891573057971335,46.3108659821413
56.16409469817358,48.26031304811175,65.27707744954138
48.16789090178471,62.44380945677783,63.44768218699276
48.833901993388196,37.10334139360119,31.19760018912389
42.59263179859229,35.232685350727856,67.31592842508103
49.53397687489597,73.55151466358795,95.5865965541028
50.24222471072236,26.77974196484941,42.37092936919437
49.24651583083556,27.673364822707985,44.990134453938964
52.869463091418844,43.10858230703936,34.63148154174288
42.41243240437191,76.80025595539118,46.8070783940462
41.700698853164354,44.406524139573115,69.0868741609074
43.15311955957442,57.227709639977434,64.55769897799401
57.49117832200975,70.99542006794975,38.990360407271844
61.32732862181997,38.10719600282946,42.06920246001549
61.96087173060366,62.33563104666765,50.041951011968145
38.08586173970122,58.424897406399865,37.39254601033539
40.76115171790087,40.27798618357103,54.929880798008874
28.789678945684894,55.41144729817984,53.47819239419886
44.15473597562994,65.55390940175533,62.22880847385515
43.93715854534848,39.94975067343614,63.90302950923857
34.83926440583926,45.01066355368833,37.37906945050649
50.69877484653962,53.16689783586148,50.73575829928561
61.34848076219414,53.420945519480114,43.700154975655636
37.89145092442419,60.82774695286596,60.56293091703377
64.50809544896754,38.78817749822288,50.528360801713724
49.413073024060616,48.68583711125651,50.20780422654227
32.85460509718537,62.374783010384775,63.06411742663935
61.304734008588156,83.74361549741525,43.62065612728464
49.63856823568688,50.146753476850094,88.84370901416912
32.687802772650684,57.28651955311098,20.583372651031233
24.18429217876813,19.68750812768094,22.36462888583255
60.69025439420702,36.974593805513464,45.45084681437163
38.36487239820106,59.164257173371176,27.960769509983724
63.17652176005165,35.103418785990776,34.7034512404275
51.227410454024316,50.37066831241795,78.4938017750577
51.204072880931705,31.88248567458688,38.793294518073694
44.27216056632166,60.87563331696862,57.6758601762442
48.80608976987863,63.04410830005078,39.43007165643462
48.637662516879,52.71140606499931,80.56362565529557
49.01466819676408,44.738016367778975,29.08325924575417
56.860521833164604,41.185319386294395,56.87370035735799
30.98390109610288,65.64780438222517,23.361244640227923
42.22657636424584,65.87871702278959,23.31058528051228
49.20544964626765,51.11384121620735,30.028863733343133
63.42933001549973,72.48167453486626,10.567649928100963
35.51009702601495,62.123483037395104,23.93951729265371
46.11362646432978,51.94328132500749,63.83700164626721
47.7674740558869,51.428313797030576,34.46534165299039
62.92361598433893,42.57029214647325,56.79465775152006
44.88361913416766,51.594852361016514,46.63673791200069
48.37535828434896,34.79328712684255,65.92825588476073
64.1404241673826,53.64722146669149,64.6467054749543
58.380678807185795,63.91978671486019,56.06713502718233
52.122572799824,62.96010908031185,51.37664651205566
40.260816062350465,50.35772531683897,12.231692169211158
49.940997612449046,56.200585044462485,74.71961552627906
51.51277277397092,63.92209731772324,49.989249716171834
39.7652365395319,28.82930423421059,30.605312437254415
36.33852281353196,59.505617157788876,45.84770628603405
55.70314890015316,51.10147144747226,70.88099089444268
60.60192790888837,40.31992988334272,44.51368078109799
44.671714132253825,25.680318863885887,63.504342908017435
61.88794788193607,49.90357413088704,40.13615563101997
60.90905028889556,14.825565664767637,53.549503918707494
51.43283974100292,41.437144182117905,77.83149061518749
59.70735419054493,46.08264128453065,48.26608019896331
46.119760364512935,42.31820137018548,23.8360014627227
63.79948453696386,65.42000225436054,65.96332662278908
39.05664080223923,81.2126774695,89.6033053111453
51.88057169001286,36.436690217900356,32.671398329116634
54.18548631088488,36.30478789583641,49.31578231486556
60.88644709786763,27.397643844753,90.11457391191446
65.66708408996246,31.443712255438108,21.727174115059174
47.16578146440535,34.53285199549452,44.725583461789554
24.18814034591579,46.569469171970304,86.05712943157636
38.83405299262371,45.90396744755916,20.20781598118241
56.382375252419706,46.62021216129268,88.81466119318466
52.068394434394,44.41730047641997,61.005449915115676
44.93772040811905,29.91037733271122,56.03895539577214
48.25131201791496,52.49472575508293,57.5091466512013
44.89680328405545,56.3236455873868,84.75393146286424
38.92200470274834,76.06138260851172,45.14393498020772
42.333733541506504,86.40830856727686,53.10043266250496
63.70403004591184,62.263913613768,16.3881034992055
51.20819598652518,42.12020360494005,23.164148100081924
32.282886336802264,51.534353655858276,61.80506021598141
53.90668185236196,45.41257167258268,34.02966040783667
40.131388183829266,41.672591083108244,29.33889593758535
47.967253487001315,49.65669374046894,32.08023670112079
47.67949865569986,38.595199422673986,49.910551894958985
55.070877079547294,52.671878509231405,59.44301748982052
33.47985422392128,44.319552521322436,55.534787534615816
56.411624595913324,26.029949558898387,53.18356507636012
62.06420648531631,47.32083956281727,48.1048377704653
54.50456882026013,53.70677275936181,63.492747005170926
50.72413864084908,52.2874410552908,34.35111125717934
48.29562138637898,68.79683055902977,45.91660488681392
48.31435720518704,42.627449421207345,65.74371764881431
41.453209223372184,63.65753292578075,31.260532114790696
39.422188748567116,53.08909193141165,52.60358939203619
52.97557303013907,65.93805681334099,41.75008069599373
54.429935928939486,36.35274101976212,75.18338059397756
56.32458666420014,58.04778148029856,53.75756982619571
42.14400555860935,45.08942657498916,60.0355892365003
49.80815880463856,51.85616993707388,22.803609863965843
51.81093979876247,39.62108914788647,28.333268924954528
48.453146104804524,22.152436210810723,63.971399808121916
58.520128976912446,49.19845851129929,30.124356508961924
40.54631179586099,47.73315419797644,1.5253253766089543
51.80476783074357,59.966480359701144,43.762103029682734
45.05597630590402,52.72950887852992,57.0128813407979
60.94151751865899,50.27595018819723,36.2048469693231
45.387349540276496,52.72918612790128,81.12400749993861
46.797266952123046,34.21210010898004,32.597867597345996
29.03665393776846,120.99213694215719,22.773514214356037
37.664904723874216,20.359780787679448,27.640232408339493
55.68414476937818,30.329688250621334,15.007153265279399
51.782631339698675,44.8824306659598,58.643800270405585
57.40559804907838,49.87251604200329,24.04478347236344
48.76200038772936,57.50389220224969,38.34022085877599
35.62538752287106,66.53918091313227,41.695047136309995
45.90769987585221,50.239433625968005,70.60944715018502
52.63619751956624,45.00161020464422,63.64266690531488
71.47024492807562,70.81679387158268,63.45742841355972
38.777195201429365,106.28088114597995,26.026857626561583
46.2819709648088,39.50166208657144,82.53783723046121
54.20240075475803,28.593125557196228,55.35174354522451
55.46905667848939,45.2227546466193,25.59620421370932
42.74966582038485,43.447264713133976,50.45463057880082
44.800900503032594,61.02830606366676,31.00105003894309
32.68613131490859,38.90909834196141,76.97781292762902
44.26843692849313,85.11213331686835,59.82968468769721
38.35573935755674,37.48570704825262,54.86744942787627
38.2235607771522,85.61867979547401,30.18218438213559
56.809434559506826,71.90194835390214,47.81599185990654
40.041388746184914,45.90400486588075,57.24432794934814
58.75752092861522,50.850754039943745,21.995551480382908
50.423239066097054,39.899627426712556,6.3352832514918305
43.02439811836219,28.513239878181142,61.73708814537025
69.44164754041078,77.88130485140596,38.53582511102415
45.32605629776729,60.331729989857536,71.22571224145726
45.812614134403134,47.860460925926354,94.13858698305785
48.9254848111278,42.72017836563281,52.398279677499126
55.797023621298564,34.675372141721276,45.03194388659556
38.336393812815125,45.82604669749138,87.53849057560205
57.4172217866789,48.611851239220115,31.3377594882726
46.88592040520837,65.7609999161781,38.76626379398662
64.5042065752013,29.395454671072528,44.19907413429587
67.42764333284221,19.882418464194803,73.7682631469964
31.48622925359569,48.64880229401015,46.54930523177839
131.91526295311314,2.6818528081342663,11.643803742974065
44.33983706366219,50.553425604139804,32.13566291081773
47.79133023446824,32.2074024978419,41.97454065456424
41.53233851309818,53.66031951520605,61.62839700485371
-3.065948193611362,40.15372182175605,43.64016353495347
50.47745427442373,45.576210993638185,48.96018905796325
34.378212709717815,55.576322353552676,31.696168793975247
40.430384320033994,26.178106941467743,73.22003261322803
48.59390898702795,67.2423797357,55.44603363696296
32.96639073704085,33.74455353657703,65.1586394788122
42.343172858089595,33.644839266875266,46.4124174345542
48.23032837243742,34.82198901360056,43.47709488773075
45.215073266636956,11.150155438115988,60.053270539061344
41.88625033646576,69.56659137137866,26.997515294810963
34.20401620278642,67.81435915980019,18.29889768407325
43.63825730620834,58.96005077728819,43.40707799890369
33.44528031090765,52.820528519174516,46.113541776575126
62.83855064067713,58.829718560154966,110.71428596223112
33.54105964020524,49.67487870057813,28.66691017932432
61.54750500832011,62.32756966630227,65.08075653102131
42.22668043414613,38.82272636924657,9.406402246729982
67.09500141908859,57.623289414444876,44.782800989608226
59.33515343539,61.263733049515395,69.50528389474945
33.76462555413494,39.2924608550489,53.90883962135091
53.554211452100695,64.35852295174027,29.82728899490931
51.27209135777777,83.08030687964815,63.838439552215775
58.705628841074635,49.712190945995516,65.35254026038938
68.03989786697738,51.59962980896503,74.47956809654684
41.24860621668564,58.851481499462466,68.08433350393929
42.479966207418045,66.47186297823343,36.49506807933834
41.94760742460178,49.98211473342307,88.63979485953143
53.09152953072804,64.03677173081698,35.36404557379799
50.77497455742799,32.351654450193706,38.57787253321762
58.35640668792203,49.42404041133364,79.0259268428806
47.975835587893194,47.03096108791334,75.53363095467083
43.513834943868204,27.203530912397312,76.02553841577085
54.141878759428835,17.522075786326724,50.89058642738373
107.94754772970722,76.17259490178915,35.420171735632486
44.19231944276452,36.343987647897045,28.918878266801222
42.99504079312026,28.461132882708032,29.37605237455781
33.93414763352243,27.540819213248724,18.80649937465123
44.78841065739362,39.74467181618385,25.470592047165105
54.78270875019539,49.27886177645601,41.360480949824236
45.36026720939893,73.89319342393762,54.79628215755004
54.75378326994667,11.209400841854212,36.92531021190943
28.28993215994125,43.60693509226232,57.46620292685847
43.25702232902566,57.77913245363541,29.545000498892605
55.758031475475505,26.695860040493226,44.766234973834145
54.19807198023843,58.03881182326149,47.45473274217966
69.3971426963055,43.783702445266904,40.9800851506135
22.40492534338696,76.53400736675061,42.6200341764926
38.23984504283064,69.81356670583233,74.7101224695133
51.083256245660614,28.47617647056906,58.37952101856928
43.78608011557016,32.43842306953614,70.86744734287038
28.674079136137888,58.507448860505875,59.18710193140324
70.51010803122676,54.87760747744891,8.831370176725287
41.638790124292726,50.970003819583916,57.111272872195705
59.80816076343718,20.604863568814125,43.40100625599879
59.69860946102532,73.15954693313692,87.22047646625256
46.09780822635516,66.4640788490963,84.23424684817587
61.98069523392812,60.855278930480374,66.55593855618041
42.10115688398382,28.29125343478323,69.65695857280036
46.52933191617202,49.57799628922396,38.425598961712495
46.0709315815032,53.491240920288305,29.56281251616724
50.685000119167746,53.690823128436165,48.452891584225334
42.56370192345595,61.7992978027753,87.452739279866
43.987570401935756,68.5169427594196,67.78528118558846
23.467482819493277,38.58208850080371,37.283193908294365
57.81771550781153,52.82731821556232,59.48796178939015
56.362788678712626,36.516249277365006,35.06900096997954
37.771110372866914,47.445941008895495,47.61793586676226
51.712053269996446,39.09038560862299,68.1304919628612
59.1711081594187,73.19778213002151,64.22615790794039
51.85511238469316,60.08635959278977,62.19503578506394
43.48185100094458,69.34078012567528,84.37036304329717
69.76953180409848,50.52838563569616,56.48540886596208
54.16358890521493,49.96181655199111,62.38577532427579
48.788201491927566,47.09324894377785,85.1796433797326
51.64715439901886,51.00515301616032,67.6403855406491
51.50332962449315,54.374333858138954,48.7287164704199
37.79583507844702,49.53542426334068,27.262304761701103
52.101512256908464,32.27842680200885,68.33418263099853
57.49234765598837,54.206423783804276,47.99732244621185
54.16301279534991,20.525024941127704,28.063602066033297
48.51266736886049,55.17889150313846,48.41208455594302
39.953898616157176,52.001690519316384,40.925991550622456
39.31402956602874,54.94253022625833,45.80043587257955
61.964831756964514,59.98298100431501,64.69342667692938
53.21666623506061,37.32233034158517,31.28745715743303
35.288419023089034,93.18518746345404,28.411104216946022
47.901681655445266,44.59416251844918,44.378047571438536
44.15949493653574,21.97482726094007,30.036125250136145
36.09330469772745,48.09830613509635,36.316011892964035
43.12819741106403,53.238188684725934,38.344298422834896
59.320941366718145,44.20730320536584,54.503134564480156
36.7470328190732,59.85309531352908,41.89633214561452
54.0875808329028,54.95007751671695,46.53113688508129
52.17439116294926,44.22055346070819,76.92219500682508
59.34288854684355,57.237413911981214,26.397191698933117
39.00694344419206,40.04207645927455,45.09994912891404
54.48015668989339,36.551932270320414,73.54148142687141
50.0359482604086,19.80827337947893,40.493657738814896
-39.35698721709663,38.72406939660116,39.01744301093993
43.89589865430114,45.12119686613988,42.11796370235624
44.06265646398688,72.5374536807025,74.2980449526488
38.58159343210161,68.80849847770111,17.572650362388735
41.85387830282923,72.8778911885297,5.208933238320796
55.74785662932953,31.197588251604003,47.1199975039418
48.19796789297108,75.45806317557188,33.78793117032839
49.30984816753295,59.4052972337781,44.964450170735255
41.779326732345595,49.1120033022197,51.87022971715139
58.84055433909044,35.854214815947834,41.017389730238975
53.22942689524253,47.49248843993941,46.29439538037118
49.82996896675854,39.562407676446604,34.00619196734604
54.40730178609462,33.573498608125334,73.30767702415149
52.1730491319659,30.851883626470656,55.66053991430521
51.67278599085641,61.43242075675946,73.1769914369001
46.335808843353504,39.383559384402616,37.88036912224809
40.18911571199084,38.80337649753302,55.690048752226836
50.152658128188314,42.6296448915062,35.23488378435174
53.47886269511483,42.476014809172135,29.196865144538386
48.483251423938555,46.03259602857562,28.599174138066296
58.2717635626141,62.6901864478203,50.81787369021041
51.310403689090464,57.90962149619868,49.38155055472824
58.91292244642662,74.84012727049227,51.60986085052269
54.402534239769615,63.10177501942042,43.239143864026296
38.716954828081164,63.590012230192826,18.62471286507477
67.88836690022069,63.05650142573166,53.75382339020651
50.510959339084934,76.2703692216941,31.075480864525854
38.39806539676374,41.027961129317845,44.764050318595594
39.93530759604471,52.30791610356435,52.718898946854985
41.86142852012179,74.04578978665344,22.15852120243994
37.23277141344688,55.64180047562676,45.850342315107135
54.177268549207724,40.71544068593361,29.33320443964981
43.54456526243315,39.74607039445994,60.49992016669142
45.20041646026182,61.42145566236769,61.761506916098796
60.40596332300466,63.51078543237815,65.6870564791449
57.69852969009865,42.249615957136605,44.762317165194254
31.698728641405637,54.376258428388965,36.524681730199276
54.01545464350541,57.91226117870914,22.958125908093415
39.86160634006449,-51.03529437248086,39.64798688736113
51.67020184135507,32.66864350081403,50.94356664310548
33.11514458186009,17.673344607572723,64.33327279191153
36.94686510883935,41.601234385995156,21.652741262989043
35.91129209931172,44.01715160456061,41.797432534350435
59.82587132437986,56.7426801637089,44.77762925338076
57.576835306606206,66.74831327010597,58.22595963753262
45.936838621744336,65.27905064927867,85.37043252212192
56.605343187117256,76.56014885601115,68.5319783332747
58.48858583128551,33.64720272623444,27.729013080564897
49.50516515334993,24.958134591445766,38.14092374019051
58.67337394201239,40.0226687297033,60.663820373115556
36.487491034401266,42.595384742208324,-15.955107120172485
52.08512436885297,54.35423790766771,84.09447663189258
62.96803502487947,36.84714645203412,76.35797233007274
43.84755877353139,49.73615250920205,50.30426168937633
60.730402468735136,33.061000423508865,59.03721768084172
55.24014879579672,62.17269909256843,45.79228405346345
60.03412233371078,39.32684021070877,72.94117493536613
53.52240168010231,28.998756511808406,58.1584067668302
51.79304593778025,44.66515483321071,35.274927879369564
47.59807043176961,28.367644802085515,83.81438928168248
38.71721194931961,40.08075343989944,72.89798096117144
55.85030845605586,60.80368056983391,80.33416902400126
46.878572643263304,34.30257613941788,66.88535938481581
57.962782902357134,45.09665867982924,24.688401533287376
62.39150551578919,58.63771082248262,22.530521566324296
57.799538165262156,28.385338923764316,40.34739117359193
38.76690549309431,40.432541415665604,33.333779900483485
43.86689187160124,60.86395943070524,55.891819341141456
56.28731602044664,66.38513185314412,42.54594990834719
50.79894683254188,58.07229496756458,84.1347714519769
58.990782533820365,70.72326733130626,70.37929448917455
60.57265417473393,23.229947511215773,67.61718388446917
52.12924846718796,50.81321561593037,39.45489723369458
45.74725921719355,56.24271108240548,66.79951527157009
35.02214395066835,53.271557309890895,38.78626442705408
40.49197233678561,55.889334129173285,43.42564336209654
43.40963319325763,38.462524453772716,55.62597697315036
49.89961725748536,33.62539434561882,33.18004740488073
48.1749352035618,56.07721715195314,29.00570987809512
54.88106592929435,37.639959130806915,104.55489197398471
40.589971378633734,38.148116895685575,53.880067497072986
40.97619032837555,62.414468459063244,86.0283269351356
46.12380195890408,52.591565618216606,39.644806674330155
49.999711090184775,71.47601627754577,67.88492395413394
40.957750664961175,73.18856547823559,73.2412265799963
54.86368318734093,40.11173875521072,51.31415079471128
42.04534059128767,57.01408654507923,43.67057803352499
27.650379712195303,63.89304584416052,53.8290607536597
60.78483069134095,47.95730400280627,53.76933237829012
61.15326144486701,55.816956071431086,55.760034604356434
82.14390971909233,47.46499713768574,53.383714995568276
67.34028701173732,37.924884477072546,29.180053970295422
35.67934199417496,58.004936890180076,62.51261489493853
57.4148764655492,29.69659879929945,70.11718318963774
61.97265881393415,48.54033013013473,50.651329319120805
56.75595778262203,55.507152502145,62.83939330086624
39.139139420349764,47.38066421410386,25.75053280522543
56.31276952056247,57.95324693415068,48.02370018383913
52.96799229410334,26.652254628035468,67.15850528774283
45.327289300781295,51.93576520123589,72.30739437957166
42.43499391725145,67.95850277271906,52.48150619023936
50.281901555178784,58.34068352544631,25.059488350664346
55.94106177561087,50.922641880578766,70.72553925209868
47.831929687046895,44.55023829826996,57.392763053134594
49.40632207475832,32.39046988158123,46.12084540457765
62.67630019854191,48.60344411199962,32.590800784645396
57.15937005216978,22.1983449458828,7.594654987490664
49.95849703826823,52.7138784629647,54.40798423252686
41.072171088084275,47.7425056979722,22.025334963136487
52.19562310680947,25.770217181303284,47.01514516641591
52.6157931113297,23.650614508642047,39.54994148978129
57.88146246415073,73.23451825385956,19.920794234967577
53.399184584315506,31.46075937926828,23.09483996183254
65.96073831064355,60.022733537746035,33.916114053422966
52.190276688299036,59.62919504395737,53.62585312783677
72.4727874369944,59.086687117075776,-9.859632408576893
47.098002374329056,38.951356731615235,45.91706444387193
50.13465896299126,40.23285611047459,28.301647880079884
63.634054909427086,58.960129909228506,36.58521299474666
56.79649653434039,60.12770849760841,75.34614922292705
39.44686673424807,61.698224440320885,37.844233109859005
61.550445713591536,47.113262679559334,4.564415347197944
50.35353973686537,23.23756216975,45.657011481118374
49.41808369794853,43.980424762848536,20.261602294028904
38.842710927813215,37.3311410100127,45.0378277795509
62.88499779913231,60.63628145561373,40.55609533020805
62.738777053993516,29.479062693479108,63.700426341279766
48.247652997982556,53.54487185966929,62.76924389091434
43.20424983384711,62.01737200830355,49.81380027534768
74.11798902086834,45.43608372184597,75.383496730627
56.47090425995692,32.388103753239236,77.21244478469289
39.39589196372995,16.52007244426982,67.06631372023908
60.689533852881404,50.78038446593919,44.77961376150632
65.83681799491032,60.6780211067846,36.88268152544523
57.31532979635969,31.350625554196967,38.820641246042975
39.488699677990795,16.999739299424583,26.454149050890514
62.22327903080063,33.53267181707084,38.99935939993596
38.39026316679045,62.98410824936116,50.02394896334524
54.90745293568166,48.41469829202768,26.579460655562617
40.26057204406276,62.55898910451874,48.85186608965789
57.7440168872338,2.5610619423845833,72.20217471377069
45.06032810655197,82.59285869593458,39.78489833583643
50.28268871679493,59.905664434962446,32.484096793797555
58.727379309639396,40.32176136717029,75.78206176452221
57.932062567348765,57.43454969939057,35.51611642553864
47.894288314112664,54.498674125395326,9.333145189123726
44.4825070353381,64.07110255837154,24.63638455167249
62.78978307558204,40.57527217944926,56.465146860809824
38.52336150291773,57.265673966426604,59.254560616515626
61.36373957615582,70.311051549662,75.07047383405975
52.08918983777879,31.60753822455656,76.47530167562049
36.95865264194049,43.41935254496383,64.74217218082038
54.43557691835045,73.89598075437135,49.91893146770445
33.09931026900904,45.87112393038179,53.481209788260635
46.49390972564777,71.18680327535068,45.047747770405714
35.64152700056112,57.001841984275636,27.046295662020942
66.99892339660947,54.05141307150509,21.934312006998745
60.793918268290184,85.53869822237382,9.918878939248955
59.03073508970954,57.26041370509277,53.5136059389698
53.43328420127019,57.378284972631924,36.13990329305711
64.10989838117777,29.757137584729318,89.17126740559624
65.2768721621465,32.20797430085286,49.89199737999046
64.1985898714432,42.63508349742738,46.7518291052543
45.97622602027181,67.5120921200849,37.84634493751503
49.90174405485039,58.10323102802336,45.84796575945248
41.33568474320771,29.876770965770206,19.63487122788553
38.20195749721435,24.19175669019328,35.46246424155391
53.00214805258563,50.81143053223546,33.46733837669433
39.819810446170834,35.09917155622435,22.24203954617995
37.64122422250256,60.715423606584615,21.907769862496444
50.173158486487594,40.72919224774755,98.55888973555628
32.03071966725393,52.89951282388577,43.324988120045106
42.2886963552008,54.72819431438219,53.111692345490376
39.310948359237614,56.394160382639186,57.78337157338029
63.09469723244456,40.85043180068866,79.40888876291098
48.03182641702646,20.35981473466083,60.46191601449054
49.184097932366505,36.76473566095457,68.66480687701754
45.28371715736749,65.25328411550373,48.34597744772998
57.503217358086836,60.19216641726029,59.46335831029057
39.679565708275476,63.79569465740492,50.43523450055424
70.022607736458,57.180048249425965,65.02252468049039
42.351070444797855,43.9078762160362,51.9343598865866
38.295239581462994,32.44583945128633,47.82834484199746
49.221288010705955,53.03112330242924,72.34208268008197
45.99662637852263,60.213135635844004,47.107293271040895
48.05988085462437,53.856020782818376,8.645434569408337
50.66356864507341,40.4261378818857,31.40322921547536
31.130085826277966,43.35663363549409,12.451278562538555
58.70123159361614,46.41039021075431,16.35856447751663
43.26475125269323,61.32430627990762,38.102330663695376
47.18782193822403,44.462251787440366,47.43447790778856
-50.758892196583986,49.31810483085784,38.838146075765565
79.53779264139932,46.804874300687516,40.88750815518836
59.88477007003655,47.65951745742248,55.06684381495511
41.25884033462208,73.32842105669451,37.44650649161618
53.7535028261937,66.98536296323367,43.90990151697279
49.998509501351094,58.797700508196286,63.65363826924809
39.09902015011329,52.72224844882017,31.09261928834534
42.54629793915434,40.27413235123912,74.31955700144567
65.96577334121004,89.08178890819494,48.868991632396856
41.58593118163924,35.45777343514747,82.14961577968943
34.61621800844847,45.24547162275191,38.67873908264393
67.49995274006127,34.79983851563081,72.03326674519529
63.1335307429686,47.498449601853586,59.30990589528973
34.61285668592454,48.6768828226081,45.69945889123408
24.20417355148126,56.23065452728145,57.10332833632347
33.066239497984746,28.815862560358827,35.01421709260871
44.70818217707617,45.404511561426425,30.837515377070957
39.92142869253014,54.59769865701202,40.4950392187411
48.931993966225946,46.55480196580411,59.14400620211872
48.45725118016887,62.923092037211354,52.059970561290314
58.89034298470395,68.7062333750768,20.790490872768764
59.21995121415973,76.74233222600913,30.549417440843854
49.68129292499355,44.641938588102626,58.81667864139227
55.19991872981044,39.96056596639228,76.251130447378
41.4331918831239,47.92521569451545,70.47184567132454
69.53437891969475,42.31017136279402,-0.49770514131712673
52.20041704715545,26.26334510230003,30.89623481711769
37.95229232464301,42.450244171937605,41.66423671692057
50.279487937555146,69.165408970643,58.449523609451234
76.53062656060874,46.34858087515336,65.78505842724005
54.144116946943434,72.59850038867927,42.42567889807555
58.4525784645825,74.43609135724036,35.58374307432965
49.2512833838134,57.5645945925407,41.30441098904534
41.24755933644741,77.49099493796807,45.406997911788324
67.34093091571303,42.37362025649072,45.85822164907886
57.97139146307197,46.90971280231392,32.02263713127165
42.80088816595145,54.09008537513944,36.677719636314905
50.88067753565449,16.14071223396931,38.837554485201856
48.196882432082965,42.31037441807785,30.128267636665385
41.16495420231943,51.0578133611956,79.74119051213707
36.01573659467338,45.85609685089112,69.540992053715
53.34457854917176,48.59363927373859,40.985747931069554
50.13261885283804,48.484038248293814,6.27076476903391
42.84216768712695,20.75616620608267,75.82113053932966
58.22648506539966,38.17648862051823,66.09755529111268
74.48647492101617,40.65385308411931,75.9855021381378
53.625051167411655,46.44951170193376,27.881789000524936
44.440749475944294,44.076312255680584,3.6844873778585807
55.30461871253034,45.1740305774871,59.184884339405066
45.80772773681491,94.97409115189184,16.854307283798057
40.6694054531276,60.578081647277955,97.16935481900293
40.0758130022034,77.43822342505092,31.659411812487242
62.93367123944854,51.130918233576395,94.59997081041563
67.81985267381874,40.28415993541777,108.71402930114499
38.75841138508285,45.29568961125624,86.15806274975128
42.65216894293833,40.37972967107855,52.61260794610493
54.52486671499702,55.80773465296971,35.08605295622883
51.96893515775927,59.56138113036599,80.0798119212732
53.28160488211629,31.20530842626485,50.5683499447102
43.79406427451905,69.78546362765856,16.491550067428015
55.59733138697677,34.019055464715336,75.44114247411494
57.711621237366316,53.28996712895619,60.098774236287774
46.63119921219639,60.13665938712529,49.007466354759046
57.31204006844684,50.87864413471762,0.37617029389324586
44.863423159442526,72.76238676384155,79.05080431271577
51.04549120522029,48.10949632840501,43.2950372260395
56.305609042005436,58.68556586522995,30.418163220571508
56.61650144529186,68.49344916502176,30.902703572275108
48.13158665957666,134.20640596925858,64.45505934892128
45.79464899987962,42.06983616513178,40.72229304024011
53.85232619233202,56.43678672785712,49.61164912247644
36.357760445742585,33.65019782121314,62.736480670629774
37.78911786891278,53.39535556995677,42.784047565977495
43.97771493881268,50.40047692048095,83.52704182382838
52.88816582066866,45.56501410061472,20.532568141281956
55.1223840833126,67.05055030553831,62.14752093426248
61.65954107239948,57.14897266756272,23.934503818340072
49.55050239150377,57.873019751537846,64.42023050936683
45.06923559671669,49.049519814633186,57.31739284564483
62.71293016796746,65.0785820268431,62.926366411459234
53.96222562684691,34.62077949812365,27.98080368714453
49.08145345413334,65.62375074613703,57.90706846963274
55.61095935316603,27.476661319238,20.766924869872586
61.19883826534982,49.48042357408612,23.72624242071323
58.82167426216948,53.87054242011399,109.02928549015488
62.50000447331609,55.20045986945725,46.97780879232939
52.322955081368974,48.4602174378405,21.224065703569007
59.27522119720553,54.1228627624103,-5.094135702619781
43.6447677486496,37.56887241338563,69.61780365338659
49.559448098984085,72.31110281849736,18.169608126030788
39.24213883509884,66.00641790086691,36.89557297365183
39.41367608379352,42.099928960084796,34.803514556428226
55.39327847291872,66.77251416735263,18.26161537737307
47.09223505806534,50.21365819614067,51.64387269147877
58.33255569661219,51.79770659221335,38.40393286026525
38.88106479059438,22.629360929594885,42.577761551229216
50.14409874964225,63.825873216334685,42.444617769187296
73.23704274255894,48.85280620910105,40.33312481184876
53.805952618816214,35.44161568040239,54.178160826818896
29.359031450150567,60.141411138666975,51.33357311852423
52.10570782545148,52.32213136999993,24.52487861813075
41.013786061811196,73.49637369633164,59.89195160957806
44.027367197783825,56.316208318517724,58.154218014046585
69.54484463355732,66.65526328800458,58.22337387955244
45.508147579035494,76.75534872704961,47.96902695777261
41.29488077698237,31.696302711195763,32.752069239038136
46.359147558329546,61.481022246744764,68.2637084751789
61.510697836854035,52.29465042477789,66.62985060083827
72.5931557583688,63.65434130781014,82.05765149072565
-31.39053660414811,38.873015740302115,34.977700886435684
23.229657569218535,51.105174090223464,77.84897985623617
44.64683121123336,52.93163346325912,32.918916064606165
45.08272355136466,54.279647637774026,26.08448456240326
61.74033031094316,21.218612102492436,56.444681761726045
45.08518227296872,72.3371711756863,65.2369018385881
29.158408586780325,13.664050895267053,29.972871788258963
44.977736223842335,47.164895890111985,50.60490816728536
56.73596018114172,29.510139303838468,13.989066953958101
52.524614630050095,44.585284831723406,47.932533353547434
43.58170153557397,47.40186853692942,79.73013807239377
33.76729704866839,31.617043274006157,62.832032050371055
65.67407766599536,46.915266390139045,24.74568285003684
29.9888005479233,53.908136701156515,25.012915572964793
71.75578925637919,85.12405303857904,54.52602586427515
54.85461701597086,48.23130886323175,72.83591322488854
49.96929522271866,50.95035128906469,77.20806524608696
56.26182519761269,81.96471925875613,17.26340888185461
44.44417581920936,36.44140977338187,66.83558338651682
45.06409647297111,59.03497981683171,26.620240917533955
49.05658906298831,84.45493159629711,82.76736442918522
31.214680660792517,55.468796963703795,66.52705841828248
45.06592594272739,33.46429542999731,63.23975608964513
51.00825430068539,58.288113028935946,46.83897129684907
73.31165182486842,36.292383785152815,40.080025252959
55.148854567040885,60.97612645487183,22.42572738458822
62.97312713770175,28.128223327714277,50.127992000923086
46.92973369428636,39.385627835873045,72.66500859241174
26.529472157269566,39.03825781541483,31.944722981128294
58.74897406813332,73.25631974020366,65.5093754708962
63.95285022176169,16.631686734313178,53.272002340478465
36.16966603832043,44.375519185647924,54.89343297277724
50.94624601322825,70.63630695161808,10.427293193417512
41.64263550232589,27.790550219475932,17.224184058467237
60.05779438135623,52.736282570708255,81.13227568887132
61.852063376633005,51.022253704029325,30.607672378148326
59.91791793101143,39.62595401608277,26.01152369147485
38.49589890339128,51.827856687011064,75.31059692902484
50.52608816978275,68.36642798436282,51.826841350318
45.73551233140763,90.81760608567248,86.4208905983146
51.96906979771472,37.517079071836946,17.819410966143558
54.01357630974398,46.16732408436266,59.34001623676371
53.230412210389495,56.544142721634685,72.84455228835154
53.142198753896686,39.14833950731132,34.58902880029677
55.831268650353934,33.92259568442634,64.36684391142555
57.141934107186636,49.34174766265654,34.37153446728388
32.23661269484579,33.140525565303896,17.481400168600473
50.26671092336942,43.36568694261703,31.58676925939495
58.72605470908274,51.93991828180341,50.951738571310294
55.5811678048228,65.54678669210337,17.94352024970466
57.06679846557441,22.865948010431815,34.11232917925234
60.1214557856611,60.368337492134,63.294817919846295
51.82084905610771,71.1946483439902,19.183984309379273
46.94844686685098,50.71023577402695,90.70570316276411
60.26549906175268,65.57641494022795,34.77308969765871
72.49661554046608,57.077125390031696,29.881511417584598
73.45359297086998,28.596376869161553,32.62600495825539
47.65998924250984,35.29370393326574,60.54422392567748
52.76762685967314,51.7026247520349,87.87613663380876
33.660308326297795,70.4957865240049,33.50696340849756
64.62163902985814,78.57820989779589,96.03106077514596
48.0948571677962,32.55110796204828,56.55852196167846
49.46631431671555,23.55725921908003,64.71089976928128
40.77322030599758,71.63013236362087,69.3032719267965
47.18662607956647,50.54246542954221,45.14865521484347
45.426066982921284,96.47465985487065,31.276062375040425
50.55337588502729,64.87207355745228,42.31321870990949
43.714572121349725,30.06348428884828,73.8407066550175
57.12002994935703,57.049004208405435,19.824082494109255
55.03582838678804,54.27956610818768,43.23872448209897
36.23259204026021,49.14976087610047,32.58315857239042
50.80034775561662,50.95010094994639,43.236834723778145
58.820234632358826,49.00924165762053,60.581739121871664
54.184023317712544,65.12259719785608,30.71880608553057
46.54695153535318,63.82991761457645,53.070656713503794
61.25805252821267,61.1786419380001,41.106398452593695
58.80510940276971,46.137713933145896,69.1320899047364
68.53764429814404,66.3739176036718,95.79001834929173
34.48418064890929,41.77437739411414,44.67310824749252
45.99709458567106,55.58672059290708,42.63782914239606
61.06107424765034,64.77140727364186,58.269468222191705
39.87786712407077,58.21060668688643,63.48580031317905
53.538854302684804,50.450106377134446,78.00669746068631
44.51619219301787,44.49953792175809,63.341117223224785
55.307912980750714,62.78896287952469,44.31978444968695
36.852939230991396,31.43626793697865,41.34654569818358
57.92425165882357,61.883962747367775,13.681775504523543
55.33895771834361,48.69160144402382,29.157882591783782
71.90775031390643,53.95936829533033,66.54830451310858
75.67525435937559,41.28320894179279,42.06419613418643
64.89015659129011,30.38493537979546,51.479313925827
50.46215086764108,64.55271556520651,58.107817856224855
40.86820132323586,64.58369489619814,66.90298824871331
39.48995903787568,39.68295208711277,39.48385006384393
38.506599219275586,65.97000204177569,43.52314417512402
47.22169816150208,34.43366403453832,42.109222878826586
64.84951629773823,61.22432385554585,17.652055841368856
40.10292714047573,59.534015229398506,40.037557950402594
44.46760440808358,37.092617700223244,23.378617420030775
50.95289372865937,44.29592137258163,72.80755740532719
49.33292059865191,35.52243292960949,63.87611002192557
63.46147316118024,38.96394628552346,15.948481912435291
45.210339520107965,29.75135279765475,82.83235546184004
36.12255439412414,45.084577128353324,79.47043300902433
58.71212527821238,42.295079890832724,34.33871909646786
48.185034307665305,46.39767196176603,79.92797107754151
48.453346456810515,29.75045250386984,69.71545973222554
60.36532892180804,46.598059576913876,65.44250068981826
50.51246564386645,31.898025038245976,48.37850722946108
38.553220435378975,40.487673870055,31.222045040838744
53.328448731734554,52.79725551321598,23.606412842030903
40.80144977618666,49.95961927630264,59.28735847932821
50.72241157438457,16.89808214944417,75.73809902623267
67.72311689336489,73.75689029679694,60.882078998352426
56.71985886341702,40.18711491753032,53.7715733671806
38.69370948699402,51.826405200698446,21.40614161613226
55.852017686785786,44.68166043803708,65.34137695499915
51.82573759446925,43.106609806707624,66.86651947434882
38.26595299324845,46.02721402244253,39.24911482090792
57.439724211177065,48.867271014575465,55.400374923712064
55.25471025884397,14.80826784326814,31.47363694568552
51.15929960317131,65.18713849356268,61.45175523070843
63.10766168059873,46.67564191983958,52.013609059713644
45.002010003959825,43.464916195551126,33.39126296429654
44.56719406568043,47.14297667662936,36.96891880800635
50.26574896834488,22.720488301327048,58.55867599775941
51.77456841210524,56.69343177583595,40.73006133000267
44.917802917263884,64.73541406775523,46.90992542622363
69.8654938354224,28.908234653784863,45.052703485389635
38.72626426437015,38.198831262340136,34.20016770906019
45.192677222103896,61.74263166331721,27.122119038981474
56.10011741659337,28.386683674246818,41.88948656452351
63.198093686504535,56.93064183745002,55.44560670984338
56.30105928122933,58.63962522256979,62.56011286604956
64.0366303600116,34.423184563698186,48.58521530499283
56.37268873798375,61.24463427947077,61.16115821313977
63.06536579420655,42.48507131810265,23.005596102225834
62.723869182526286,49.98795437774216,39.02627199189335
50.35759598795011,43.51585686564893,70.12415951572639
58.90166558647182,54.67599270232235,60.81739176934448
50.326076252403325,65.39763432867665,2.733608213962391
38.318048787721196,49.401042030996074,41.73045223141469
40.49484450821424,59.29952838683897,30.432326347804825
52.173612697930274,51.864345648446445,51.153939320291464
41.70815202369304,47.10251625277647,74.53873881889388
55.43523344737841,64.44258070968999,48.39836036292441
32.97716898689708,43.00297736926748,46.98644119546815
63.015081621312035,67.03930809789253,58.49690308880268
41.43472348899611,51.926708222590264,44.76537014277297
47.564917429245604,31.497168490571255,59.27809305586622
49.70157238826331,62.065727286670224,20.76747264214195
38.7301825729034,104.6940853866588,32.39899742386677
52.87582781163182,56.56632673461126,30.356289239558873
67.27607106829544,49.015698274966404,52.98960081342052
68.18386334980022,38.134686150758654,40.24718044412671
46.544872014686604,29.41030372016188,55.51678936968013
54.73053917605526,52.74979938640263,63.11660703604535
58.656540773739465,55.080542112661874,45.171178264793696
62.20416644823507,39.55004193267165,77.92715086104101
48.07043627562399,61.47204150522249,86.53103954046773
27.35202370256483,47.1160943165952,41.92103276963186
67.07386524205832,43.89766394733008,104.5803900371395
34.7209709639376,55.24258321923988,42.27396260820622
55.05090333406379,41.522844561958685,40.97936213802511
31.77171962583727,51.62260507120188,20.04155965429906
36.903310490429845,51.30305115945962,47.57301680733987
60.270899332263696,29.70305598796981,58.420240571658965
53.22500143639209,45.464432272210935,33.92729092378667
49.20907589537034,63.25978858748865,42.524885144446735
58.47295015929257,45.892877474819834,84.49591135643638
50.26803500773852,47.366864315992245,17.783440934954207
35.728482096079375,55.719353949110946,45.45100328647231
52.81276608275789,39.730371529619575,46.9912363456112
43.76305199482878,54.42797918616178,45.63671833619068
68.64651597657007,39.678842643775184,4.389203172383361
39.45507040988552,43.020017339443896,33.16912259381999
62.59637231862847,56.55484139580644,52.74346334198038
52.344549619482954,33.734474725028065,78.05826006325535
63.89528882391318,49.485503371120686,50.26521352213736
56.49135550875619,47.37118555130125,45.99646987823585
45.0719553005746,44.811639064470086,40.47879742132221
57.298529681182295,45.07554825951962,41.43270959944803
43.73177594122695,27.507549371660627,81.20363474185356
55.08596040044778,62.997511394086885,39.40204998733647
64.57200576700914,52.178042081573594,79.05272976739859
49.86626524491887,49.33002899268713,39.44090951002998
50.7748692204363,53.37476145740827,79.85392943868942
65.39712916648304,51.34920263069399,74.38076858044133
22.82348641818296,42.94561372818053,54.99422805929603
58.87121638729431,56.346513729917504,48.87893661894476
45.38502359919239,38.003514527080284,88.03920845637843
61.22225780137663,69.61665720783462,50.21211648049454
44.65530659258205,58.320412698433195,49.507571020935565
48.71922372915593,49.627155704456186,37.340974660802374
41.285846054282274,46.363931592254666,22.29156634943994
55.98249766602595,62.57826132212015,34.60922030848188
31.72570063510594,55.90369290957721,54.768649177752636
50.20507037263193,29.9835786392861,11.645190771111736
67.11559363984959,46.753880592097985,60.08798301598739
49.29250217293666,56.203101578423855,24.434680466028702
45.54290573266308,29.669553669290234,28.25694194786601
42.90980059636448,22.901757625791745,40.77601361175768
42.891111073652084,32.206776509788526,47.34321793619402
49.886593165143175,37.44539725791994,90.23942978712668
57.18207413682924,66.82484860879276,43.43233357939137
58.935994230605495,61.48362709049486,29.629859584005548
43.177900682466955,93.7283347379128,41.77564637292812
54.86861200314808,46.780975698686035,66.62794362801998
40.054146878440434,34.920614054807565,72.6868122047871
51.98532429937769,12.835686853411147,50.4682870118044
48.18032293404459,60.66002350818688,56.42108212957626
53.421967162658895,51.31196737272445,55.80937506317866
38.47376454270943,37.77650418052962,32.953791332303794
36.58840458883091,61.823808321619225,71.5516785664989
56.13995411968149,40.98152136578401,39.25743794427431
45.60125409685268,66.69347379835243,127.0388171231297
67.38910256787797,35.45633514310081,45.48727931224278
37.39320105186602,28.741373283860984,46.894803222734865
46.642940112788885,42.30774521384531,19.305524356714923
51.96769791675292,45.74195537008515,68.2973101833667
55.50502521123137,30.32387445920945,57.91383751813393
44.011317681723476,72.98758559702065,49.40823188220638
44.964865678871476,43.90188253631667,19.982056238247722
62.744567043516994,81.79032288548943,15.404062214244682
47.48207036544823,48.34392998992363,38.11446022224055
62.175365846396566,68.7115865761461,45.093128473829516
70.71282198645538,50.491562043490546,45.16191721752447
52.798036195205036,38.809506514865554,79.06265902466407
56.166362490192824,44.67581023607102,46.28962589102331
40.922278596870854,53.937640212209175,24.127240920285985
50.03169944639415,42.24191878129768,61.34111690381564
60.42568287591463,61.80407138144115,47.54858847096074
42.90376216147723,45.50506819728852,49.66734338446396
54.87918719669315,41.47737904342786,30.654414804763466
51.73426673956633,70.38203311241564,87.44649205373142
57.93199781998674,35.146041490623674,78.17186141585111
41.543397958843215,38.44142085190475,58.55221420630399
36.196747227673285,-5.438114858462143,48.92741559198242
53.9912286959972,37.648562742701635,66.92854716452176
55.131236157951996,44.55007401211269,68.90562558776253
23.397139248533705,144.7140760858253,47.84924666658047
42.05001124306966,52.65814149102565,59.9960154819568
42.63037616636936,48.207102424670765,49.17160181757089
53.92891583850461,68.40161925577237,40.72100195106423
63.16917873379687,30.436670743915915,56.015541943571336
32.80391292398595,51.07665524942461,64.4450855245656
70.22969253473468,50.7403504757563,35.033703262367936
60.2649596934248,50.617358552334316,51.96675720266419
59.170178035099404,66.39125212972189,15.357418775891183
50.51549988912415,49.75406432430812,28.608600339553362
33.761002969226766,48.99730713365639,40.72535659125968
42.753019076550075,47.939475461200125,42.979516323977506
50.175954252664695,73.65186532457088,49.39742002875385
68.80370271394116,68.66148004023893,69.35165941553544
42.71495682863381,45.598472932262816,31.605506744125186
54.15874912630898,48.99408242062386,58.83396285405652
53.02524476541416,52.51770451479115,42.86182119580736
40.27008395957305,43.37472179889612,64.33232405857974
48.36117522643627,49.09962748639486,67.35621999488477
54.87576329131408,27.877882389958454,48.39174099813339
41.28705404809803,49.18725262634953,57.80542293477198
55.09414838652204,74.9567689441518,39.98366229164569
47.05056436294001,58.61041988921294,69.23972107918445
39.685758289065625,60.30075720294304,63.30957909881333
48.49643345433163,45.78347186443317,64.65295690249982
54.27170055252882,56.01054488951458,35.364138326456626
32.77696752217153,48.589951908978286,44.57802233241311
54.58148203213528,38.53230541749244,62.69394002287239
54.09609079896227,38.89806150182648,68.90057888355811
46.57083508903978,39.552962418868105,55.01734253828599
49.852872391680144,36.42419922232535,62.40278490877656
49.90845288122052,38.626800746763564,14.920683019623333
54.26417378959756,51.485357035807276,52.38765582681585
63.76824475897778,12.640777516645386,75.38414630689587
63.63798961175355,35.29886155019982,70.29349453770315
41.88039889947815,34.36241286322455,47.97208905733412
68.27651277521329,55.42501125743299,50.99702814811252
58.85678288200306,40.66253449444746,79.95029131756277
65.70620595630201,56.43815568313064,34.234652120566494
60.72015475384757,54.420380499163734,62.87328569072989
61.36567008687725,56.546521521324266,31.949249337996463
64.903212544653,54.18909325051976,56.483149154518856
56.15095032386486,54.67599485033198,64.95896656578614
51.974586758746185,47.33615806834148,38.996338315133144
44.88674663362933,45.67748448152437,69.78877994331958
46.631069925658096,48.33384364655571,47.97875721283184
55.33867646156784,59.73471550044127,89.48891406554691
36.069366668406,46.58075545672574,61.460454596984285
33.14878028915214,76.12010708359205,47.67783203436574
42.06002065057507,64.56131972890583,6.039847835915815
52.12239764034095,35.12751662786931,49.70178883012786
53.74057822063588,61.88798175448411,58.22655544978296
70.86389201568733,50.92965739444746,43.16144750500199
62.26118375530033,49.02044410233377,58.36428761421765
10.627254070515335,56.79864739073517,48.504644602112975
45.65099206993463,40.15480754073447,68.06302742767777
29.58331728967115,97.23746394588993,73.0824148328919
53.69802495475139,78.5056120709838,55.49311054665817
41.05031523957819,65.40621005283799,17.27925424307766
56.00065431845032,67.97151447906194,60.6993172552383
35.48794815357905,53.07677251999927,47.53824680669422
42.57788922217066,15.320318836367221,26.290017307794034
44.99266150466666,66.88330217891664,105.06309820773379
58.5678954854924,38.17611600632865,41.579249595899554
60.82186997367832,59.20685874125313,57.81834252749989
52.380923255335446,67.98938011578537,94.71889716028006
50.09602401223142,52.381696651325036,60.0883859191527
45.37842793298239,17.11057975892102,59.87461339604399
42.664209198640634,69.74904669659016,53.64855560266208
64.97424223562672,37.136616743071215,72.62381620792831
33.6836897202865,64.0649874739826,45.255081906408186
59.374316225711055,44.62829568057551,63.64929860642469
55.02634233351645,55.747325404528254,58.85357970104864
66.80435895492572,41.58052271640767,78.0682432624172
46.458816158961824,68.10424097030608,96.79440296961042
42.01678156200176,17.6595078649341,53.274515344614855
43.08310464880179,42.10278943298788,43.41472943086356
44.66211502784719,71.46505609609403,72.50783848621919
61.59102568442908,84.68202617726419,34.58457015850097
25.032185433248927,80.35323368832624,55.00945835745517
49.44316534105838,22.956278538274866,22.966088372467105
56.91902995383942,47.852861422465914,6.94259246287578
40.595195868027346,65.73697473910987,75.57343022706903
52.14157146802407,92.50995465855863,70.53449708027401
68.10265110214009,69.99940471984887,66.62476615715737
36.60798285184755,25.99460718624657,35.1730069629911
52.58357129485285,50.016214491880135,57.49408893608671
49.80002101872965,57.166421066690184,69.75097589379017
50.07949692567591,45.68022477703262,-2.42587511783465
58.72216772900543,38.39994686111793,31.817146992522588
58.67687380584998,63.77663238999107,63.59931582589236
